label,dataset,base_n,dim,params,index,m,ef_construction,ef,build_s,graph_mb_est,graph_mb_heap,queries,k,recall,recall_ties,qps,qps_min,qps_max,repeats,mean_ms,p50_ms,p95_ms,p99_ms,max_ms,distances_per_query
"HNSW","clusters1-l16",100000,128,"n=100000 queries=1000 dim=128 latent-dim=16 clusters=1 cluster-std=0.35 noise=0.02 seed=42","hnsw(m=16, efC=100, heuristic, mL=0.361, ef=10)",16,100,10,32.49,19.80,21.68,1000,10,0.73130,0.73140,16390.53,13712.38,18387.35,9,0.0610,0.0576,0.0848,0.1044,0.3321,355.6
"HNSW","clusters1-l16",100000,128,"n=100000 queries=1000 dim=128 latent-dim=16 clusters=1 cluster-std=0.35 noise=0.02 seed=42","hnsw(m=16, efC=100, heuristic, mL=0.361, ef=16)",16,100,16,32.49,19.80,21.68,1000,10,0.83160,0.83160,13905.76,13746.29,14179.71,3,0.0719,0.0701,0.0907,0.1102,0.1755,461.4
"HNSW","clusters1-l16",100000,128,"n=100000 queries=1000 dim=128 latent-dim=16 clusters=1 cluster-std=0.35 noise=0.02 seed=42","hnsw(m=16, efC=100, heuristic, mL=0.361, ef=24)",16,100,24,32.49,19.80,21.68,1000,10,0.89910,0.89910,8554.40,6130.65,9702.42,5,0.1169,0.1075,0.1775,0.2816,0.5899,597.2
"HNSW","clusters1-l16",100000,128,"n=100000 queries=1000 dim=128 latent-dim=16 clusters=1 cluster-std=0.35 noise=0.02 seed=42","hnsw(m=16, efC=100, heuristic, mL=0.361, ef=32)",16,100,32,32.49,19.80,21.68,1000,10,0.94030,0.94030,7954.25,6399.44,8454.76,9,0.1257,0.1212,0.1616,0.2258,0.2803,732.2
"HNSW","clusters1-l16",100000,128,"n=100000 queries=1000 dim=128 latent-dim=16 clusters=1 cluster-std=0.35 noise=0.02 seed=42","hnsw(m=16, efC=100, heuristic, mL=0.361, ef=48)",16,100,48,32.49,19.80,21.68,1000,10,0.97690,0.97690,5863.76,5392.32,5905.51,3,0.1705,0.1660,0.2099,0.2519,0.4941,993.5
"HNSW","clusters1-l16",100000,128,"n=100000 queries=1000 dim=128 latent-dim=16 clusters=1 cluster-std=0.35 noise=0.02 seed=42","hnsw(m=16, efC=100, heuristic, mL=0.361, ef=64)",16,100,64,32.49,19.80,21.68,1000,10,0.98830,0.98830,4627.97,4601.03,4752.21,3,0.2160,0.2116,0.2639,0.3170,0.3472,1247.2
"HNSW","clusters1-l16",100000,128,"n=100000 queries=1000 dim=128 latent-dim=16 clusters=1 cluster-std=0.35 noise=0.02 seed=42","hnsw(m=16, efC=100, heuristic, mL=0.361, ef=96)",16,100,96,32.49,19.80,21.68,1000,10,0.99680,0.99680,3259.76,2970.53,3291.97,3,0.3067,0.3012,0.3691,0.4351,0.4745,1726.1
"HNSW","clusters1-l16",100000,128,"n=100000 queries=1000 dim=128 latent-dim=16 clusters=1 cluster-std=0.35 noise=0.02 seed=42","hnsw(m=16, efC=100, heuristic, mL=0.361, ef=128)",16,100,128,32.49,19.80,21.68,1000,10,0.99870,0.99870,2361.72,2358.68,2375.45,3,0.4234,0.3892,0.6215,0.9379,2.4508,2177.2
"HNSW","clusters1-l16",100000,128,"n=100000 queries=1000 dim=128 latent-dim=16 clusters=1 cluster-std=0.35 noise=0.02 seed=42","hnsw(m=16, efC=100, heuristic, mL=0.361, ef=192)",16,100,192,32.49,19.80,21.68,1000,10,0.99980,0.99980,1694.98,1677.27,1786.07,3,0.5899,0.5620,0.7903,1.0016,1.2108,3016.8
"HNSW","clusters1-l16",100000,128,"n=100000 queries=1000 dim=128 latent-dim=16 clusters=1 cluster-std=0.35 noise=0.02 seed=42","hnsw(m=16, efC=100, heuristic, mL=0.361, ef=256)",16,100,256,32.49,19.80,21.68,1000,10,0.99990,0.99990,1377.02,750.77,1431.94,9,0.7261,0.6985,0.9270,1.1297,2.4872,3791.7
"HNSW","clusters1-l16",100000,128,"n=100000 queries=1000 dim=128 latent-dim=16 clusters=1 cluster-std=0.35 noise=0.02 seed=42","hnsw(m=16, efC=100, heuristic, mL=0.361, ef=384)",16,100,384,32.49,19.80,21.68,1000,10,1.00000,1.00000,886.44,304.08,955.05,9,1.1280,1.0911,1.4104,1.6931,5.5771,5210.9
"HNSW","clusters1-l16",100000,128,"n=100000 queries=1000 dim=128 latent-dim=16 clusters=1 cluster-std=0.35 noise=0.02 seed=42","hnsw(m=16, efC=100, heuristic, mL=0.361, ef=512)",16,100,512,32.49,19.80,21.68,1000,10,1.00000,1.00000,506.91,384.73,698.63,9,1.9727,1.5515,3.2750,8.0330,54.3118,6506.0
"HNSW","clusters1-l16",100000,128,"n=100000 queries=1000 dim=128 latent-dim=16 clusters=1 cluster-std=0.35 noise=0.02 seed=42","hnsw(m=16, efC=100, heuristic, mL=0.361, ef=768)",16,100,768,32.49,19.80,21.68,1000,10,1.00000,1.00000,573.89,490.51,596.20,5,1.7425,1.7208,1.9896,2.5227,3.5063,8836.3
"HNSW","clusters1-l16",100000,128,"n=100000 queries=1000 dim=128 latent-dim=16 clusters=1 cluster-std=0.35 noise=0.02 seed=42","hnsw(m=16, efC=100, heuristic, mL=0.361, ef=1024)",16,100,1024,32.49,19.80,21.68,1000,10,1.00000,1.00000,429.35,424.77,446.07,3,2.3291,2.2271,3.0475,3.7880,6.6991,10922.5
"flat + heuristic","clusters1-l16",100000,128,"n=100000 queries=1000 dim=128 latent-dim=16 clusters=1 cluster-std=0.35 noise=0.02 seed=42","hnsw(m=16, efC=100, heuristic, mL=0.000, ef=10)",16,100,10,22.83,19.20,20.84,1000,10,0.72890,0.72900,16913.72,16260.41,17867.54,3,0.0591,0.0577,0.0809,0.0939,0.4300,353.2
"flat + heuristic","clusters1-l16",100000,128,"n=100000 queries=1000 dim=128 latent-dim=16 clusters=1 cluster-std=0.35 noise=0.02 seed=42","hnsw(m=16, efC=100, heuristic, mL=0.000, ef=16)",16,100,16,22.83,19.20,20.84,1000,10,0.83170,0.83170,12059.17,9365.05,12762.31,5,0.0829,0.0732,0.1164,0.2529,1.8178,457.4
"flat + heuristic","clusters1-l16",100000,128,"n=100000 queries=1000 dim=128 latent-dim=16 clusters=1 cluster-std=0.35 noise=0.02 seed=42","hnsw(m=16, efC=100, heuristic, mL=0.000, ef=24)",16,100,24,22.83,19.20,20.84,1000,10,0.90160,0.90160,10691.56,9982.90,10702.21,3,0.0935,0.0929,0.1096,0.1185,0.1457,592.0
"flat + heuristic","clusters1-l16",100000,128,"n=100000 queries=1000 dim=128 latent-dim=16 clusters=1 cluster-std=0.35 noise=0.02 seed=42","hnsw(m=16, efC=100, heuristic, mL=0.000, ef=32)",16,100,32,22.83,19.20,20.84,1000,10,0.94060,0.94060,8534.89,8495.67,8557.86,3,0.1171,0.1167,0.1335,0.1428,0.1617,726.1
"flat + heuristic","clusters1-l16",100000,128,"n=100000 queries=1000 dim=128 latent-dim=16 clusters=1 cluster-std=0.35 noise=0.02 seed=42","hnsw(m=16, efC=100, heuristic, mL=0.000, ef=48)",16,100,48,22.83,19.20,20.84,1000,10,0.97670,0.97670,6046.00,5989.91,6118.04,3,0.1654,0.1639,0.1862,0.2091,0.3346,986.5
"flat + heuristic","clusters1-l16",100000,128,"n=100000 queries=1000 dim=128 latent-dim=16 clusters=1 cluster-std=0.35 noise=0.02 seed=42","hnsw(m=16, efC=100, heuristic, mL=0.000, ef=64)",16,100,64,22.83,19.20,20.84,1000,10,0.98780,0.98780,4955.60,4796.68,4970.14,3,0.2018,0.2011,0.2215,0.2368,0.3014,1237.6
"flat + heuristic","clusters1-l16",100000,128,"n=100000 queries=1000 dim=128 latent-dim=16 clusters=1 cluster-std=0.35 noise=0.02 seed=42","hnsw(m=16, efC=100, heuristic, mL=0.000, ef=96)",16,100,96,22.83,19.20,20.84,1000,10,0.99660,0.99660,3507.32,3423.46,3507.99,3,0.2851,0.2844,0.3114,0.3283,0.7061,1714.1
"flat + heuristic","clusters1-l16",100000,128,"n=100000 queries=1000 dim=128 latent-dim=16 clusters=1 cluster-std=0.35 noise=0.02 seed=42","hnsw(m=16, efC=100, heuristic, mL=0.000, ef=128)",16,100,128,22.83,19.20,20.84,1000,10,0.99860,0.99860,2786.46,2759.90,2789.11,3,0.3589,0.3597,0.3885,0.4015,0.4248,2162.5
"flat + heuristic","clusters1-l16",100000,128,"n=100000 queries=1000 dim=128 latent-dim=16 clusters=1 cluster-std=0.35 noise=0.02 seed=42","hnsw(m=16, efC=100, heuristic, mL=0.000, ef=192)",16,100,192,22.83,19.20,20.84,1000,10,0.99980,0.99980,1849.52,1668.87,1880.82,5,0.5406,0.5364,0.6185,0.6907,0.7391,2998.1
"flat + heuristic","clusters1-l16",100000,128,"n=100000 queries=1000 dim=128 latent-dim=16 clusters=1 cluster-std=0.35 noise=0.02 seed=42","hnsw(m=16, efC=100, heuristic, mL=0.000, ef=256)",16,100,256,22.83,19.20,20.84,1000,10,0.99990,0.99990,1430.18,1327.81,1465.37,3,0.6992,0.6895,0.8016,1.0035,1.9410,3770.3
"flat + heuristic","clusters1-l16",100000,128,"n=100000 queries=1000 dim=128 latent-dim=16 clusters=1 cluster-std=0.35 noise=0.02 seed=42","hnsw(m=16, efC=100, heuristic, mL=0.000, ef=384)",16,100,384,22.83,19.20,20.84,1000,10,1.00000,1.00000,902.48,366.47,1059.22,9,1.1080,1.0684,1.3436,1.7161,6.0959,5185.1
"flat + heuristic","clusters1-l16",100000,128,"n=100000 queries=1000 dim=128 latent-dim=16 clusters=1 cluster-std=0.35 noise=0.02 seed=42","hnsw(m=16, efC=100, heuristic, mL=0.000, ef=512)",16,100,512,22.83,19.20,20.84,1000,10,1.00000,1.00000,741.21,461.57,826.66,9,1.3490,1.3142,1.6535,1.8435,3.7708,6476.8
"flat + heuristic","clusters1-l16",100000,128,"n=100000 queries=1000 dim=128 latent-dim=16 clusters=1 cluster-std=0.35 noise=0.02 seed=42","hnsw(m=16, efC=100, heuristic, mL=0.000, ef=768)",16,100,768,22.83,19.20,20.84,1000,10,1.00000,1.00000,544.21,462.15,572.12,5,1.8375,1.7892,2.2509,2.5606,3.7147,8801.6
"flat + heuristic","clusters1-l16",100000,128,"n=100000 queries=1000 dim=128 latent-dim=16 clusters=1 cluster-std=0.35 noise=0.02 seed=42","hnsw(m=16, efC=100, heuristic, mL=0.000, ef=1024)",16,100,1024,22.83,19.20,20.84,1000,10,1.00000,1.00000,443.51,427.29,445.33,3,2.2547,2.2076,2.7059,3.0863,7.4416,10883.9
"HNSW","clusters64-l16",100000,128,"n=100000 queries=1000 dim=128 latent-dim=16 clusters=64 cluster-std=0.35 noise=0.02 seed=42","hnsw(m=16, efC=100, heuristic, mL=0.361, ef=10)",16,100,10,11.16,19.80,21.38,1000,10,0.89250,0.89250,30062.76,28744.65,30328.99,3,0.0332,0.0327,0.0419,0.0478,0.0755,244.5
"HNSW","clusters64-l16",100000,128,"n=100000 queries=1000 dim=128 latent-dim=16 clusters=64 cluster-std=0.35 noise=0.02 seed=42","hnsw(m=16, efC=100, heuristic, mL=0.361, ef=16)",16,100,16,11.16,19.80,21.38,1000,10,0.95600,0.95600,22180.41,19060.83,22316.28,5,0.0451,0.0446,0.0554,0.0615,0.1090,308.6
"HNSW","clusters64-l16",100000,128,"n=100000 queries=1000 dim=128 latent-dim=16 clusters=64 cluster-std=0.35 noise=0.02 seed=42","hnsw(m=16, efC=100, heuristic, mL=0.361, ef=24)",16,100,24,11.16,19.80,21.38,1000,10,0.98260,0.98260,16661.67,16290.33,16914.13,3,0.0600,0.0600,0.0728,0.0807,0.1281,384.0
"HNSW","clusters64-l16",100000,128,"n=100000 queries=1000 dim=128 latent-dim=16 clusters=64 cluster-std=0.35 noise=0.02 seed=42","hnsw(m=16, efC=100, heuristic, mL=0.361, ef=32)",16,100,32,11.16,19.80,21.38,1000,10,0.99110,0.99110,13511.75,13470.74,13865.94,3,0.0740,0.0738,0.0895,0.1053,0.1409,451.9
"HNSW","clusters64-l16",100000,128,"n=100000 queries=1000 dim=128 latent-dim=16 clusters=64 cluster-std=0.35 noise=0.02 seed=42","hnsw(m=16, efC=100, heuristic, mL=0.361, ef=48)",16,100,48,11.16,19.80,21.38,1000,10,0.99620,0.99620,10384.37,10311.64,10454.74,3,0.0963,0.0971,0.1154,0.1231,0.1709,568.3
"HNSW","clusters64-l16",100000,128,"n=100000 queries=1000 dim=128 latent-dim=16 clusters=64 cluster-std=0.35 noise=0.02 seed=42","hnsw(m=16, efC=100, heuristic, mL=0.361, ef=64)",16,100,64,11.16,19.80,21.38,1000,10,0.99840,0.99840,8066.26,7727.58,8168.58,3,0.1239,0.1216,0.1704,0.2142,0.3097,666.7
"HNSW","clusters64-l16",100000,128,"n=100000 queries=1000 dim=128 latent-dim=16 clusters=64 cluster-std=0.35 noise=0.02 seed=42","hnsw(m=16, efC=100, heuristic, mL=0.361, ef=96)",16,100,96,11.16,19.80,21.38,1000,10,0.99970,0.99970,6599.54,6532.36,6621.74,3,0.1515,0.1544,0.1790,0.1886,0.3386,823.9
"HNSW","clusters64-l16",100000,128,"n=100000 queries=1000 dim=128 latent-dim=16 clusters=64 cluster-std=0.35 noise=0.02 seed=42","hnsw(m=16, efC=100, heuristic, mL=0.361, ef=128)",16,100,128,11.16,19.80,21.38,1000,10,0.99990,0.99990,5491.54,5481.79,5498.63,3,0.1821,0.1861,0.2133,0.2249,0.3719,945.4
"HNSW","clusters64-l16",100000,128,"n=100000 queries=1000 dim=128 latent-dim=16 clusters=64 cluster-std=0.35 noise=0.02 seed=42","hnsw(m=16, efC=100, heuristic, mL=0.361, ef=192)",16,100,192,11.16,19.80,21.38,1000,10,0.99990,0.99990,3868.20,3623.58,3886.05,3,0.2585,0.2538,0.3443,0.3972,0.5348,1126.0
"HNSW","clusters64-l16",100000,128,"n=100000 queries=1000 dim=128 latent-dim=16 clusters=64 cluster-std=0.35 noise=0.02 seed=42","hnsw(m=16, efC=100, heuristic, mL=0.361, ef=256)",16,100,256,11.16,19.80,21.38,1000,10,0.99990,0.99990,3605.32,3542.46,3654.68,3,0.2773,0.2831,0.3220,0.3814,1.6322,1253.9
"HNSW","clusters64-l16",100000,128,"n=100000 queries=1000 dim=128 latent-dim=16 clusters=64 cluster-std=0.35 noise=0.02 seed=42","hnsw(m=16, efC=100, heuristic, mL=0.361, ef=384)",16,100,384,11.16,19.80,21.38,1000,10,0.99990,0.99990,2827.12,2665.96,2917.27,3,0.3537,0.3568,0.3985,0.5086,5.1454,1423.7
"HNSW","clusters64-l16",100000,128,"n=100000 queries=1000 dim=128 latent-dim=16 clusters=64 cluster-std=0.35 noise=0.02 seed=42","hnsw(m=16, efC=100, heuristic, mL=0.361, ef=512)",16,100,512,11.16,19.80,21.38,1000,10,0.99990,0.99990,2527.78,2436.44,2527.91,3,0.3956,0.4090,0.4453,0.4885,0.6088,1529.6
"HNSW","clusters64-l16",100000,128,"n=100000 queries=1000 dim=128 latent-dim=16 clusters=64 cluster-std=0.35 noise=0.02 seed=42","hnsw(m=16, efC=100, heuristic, mL=0.361, ef=768)",16,100,768,11.16,19.80,21.38,1000,10,0.99990,0.99990,2041.11,1980.74,2050.71,3,0.4899,0.5036,0.5663,0.6412,0.7862,1654.2
"HNSW","clusters64-l16",100000,128,"n=100000 queries=1000 dim=128 latent-dim=16 clusters=64 cluster-std=0.35 noise=0.02 seed=42","hnsw(m=16, efC=100, heuristic, mL=0.361, ef=1024)",16,100,1024,11.16,19.80,21.38,1000,10,0.99990,0.99990,1727.19,1684.04,1739.67,3,0.5789,0.5907,0.6713,0.7735,1.0245,1735.8
"flat + heuristic","clusters64-l16",100000,128,"n=100000 queries=1000 dim=128 latent-dim=16 clusters=64 cluster-std=0.35 noise=0.02 seed=42","hnsw(m=16, efC=100, heuristic, mL=0.000, ef=10)",16,100,10,13.99,19.20,20.85,1000,10,0.55930,0.55930,24625.64,23920.73,24921.73,3,0.0406,0.0411,0.0729,0.0861,0.1142,323.5
"flat + heuristic","clusters64-l16",100000,128,"n=100000 queries=1000 dim=128 latent-dim=16 clusters=64 cluster-std=0.35 noise=0.02 seed=42","hnsw(m=16, efC=100, heuristic, mL=0.000, ef=16)",16,100,16,13.99,19.20,20.85,1000,10,0.73000,0.73000,16321.08,16316.14,16463.65,3,0.0612,0.0614,0.0981,0.1137,0.1441,427.3
"flat + heuristic","clusters64-l16",100000,128,"n=100000 queries=1000 dim=128 latent-dim=16 clusters=64 cluster-std=0.35 noise=0.02 seed=42","hnsw(m=16, efC=100, heuristic, mL=0.000, ef=24)",16,100,24,13.99,19.20,20.85,1000,10,0.84450,0.84450,11114.46,6771.83,11545.28,9,0.0899,0.0880,0.1401,0.1663,0.2258,536.4
"flat + heuristic","clusters64-l16",100000,128,"n=100000 queries=1000 dim=128 latent-dim=16 clusters=64 cluster-std=0.35 noise=0.02 seed=42","hnsw(m=16, efC=100, heuristic, mL=0.000, ef=32)",16,100,32,13.99,19.20,20.85,1000,10,0.90960,0.90960,9413.17,8927.24,9636.99,3,0.1062,0.1029,0.1550,0.1940,0.2810,628.3
"flat + heuristic","clusters64-l16",100000,128,"n=100000 queries=1000 dim=128 latent-dim=16 clusters=64 cluster-std=0.35 noise=0.02 seed=42","hnsw(m=16, efC=100, heuristic, mL=0.000, ef=48)",16,100,48,13.99,19.20,20.85,1000,10,0.97330,0.97330,7246.76,6815.12,7260.55,3,0.1380,0.1343,0.1989,0.2372,0.2969,774.4
"flat + heuristic","clusters64-l16",100000,128,"n=100000 queries=1000 dim=128 latent-dim=16 clusters=64 cluster-std=0.35 noise=0.02 seed=42","hnsw(m=16, efC=100, heuristic, mL=0.000, ef=64)",16,100,64,13.99,19.20,20.85,1000,10,0.98930,0.98930,6131.39,6114.02,6148.81,3,0.1631,0.1582,0.2303,0.2754,0.3421,879.6
"flat + heuristic","clusters64-l16",100000,128,"n=100000 queries=1000 dim=128 latent-dim=16 clusters=64 cluster-std=0.35 noise=0.02 seed=42","hnsw(m=16, efC=100, heuristic, mL=0.000, ef=96)",16,100,96,13.99,19.20,20.85,1000,10,0.99750,0.99750,4911.39,4903.47,4934.17,3,0.2036,0.1995,0.2844,0.3315,0.4201,1038.7
"flat + heuristic","clusters64-l16",100000,128,"n=100000 queries=1000 dim=128 latent-dim=16 clusters=64 cluster-std=0.35 noise=0.02 seed=42","hnsw(m=16, efC=100, heuristic, mL=0.000, ef=128)",16,100,128,13.99,19.20,20.85,1000,10,0.99870,0.99870,4211.69,3981.36,4233.37,3,0.2374,0.2336,0.3180,0.3740,0.4550,1159.0
"flat + heuristic","clusters64-l16",100000,128,"n=100000 queries=1000 dim=128 latent-dim=16 clusters=64 cluster-std=0.35 noise=0.02 seed=42","hnsw(m=16, efC=100, heuristic, mL=0.000, ef=192)",16,100,192,13.99,19.20,20.85,1000,10,0.99970,0.99970,3380.94,3361.80,3387.98,3,0.2957,0.2905,0.3872,0.4516,1.1142,1338.0
"flat + heuristic","clusters64-l16",100000,128,"n=100000 queries=1000 dim=128 latent-dim=16 clusters=64 cluster-std=0.35 noise=0.02 seed=42","hnsw(m=16, efC=100, heuristic, mL=0.000, ef=256)",16,100,256,13.99,19.20,20.85,1000,10,0.99980,0.99980,2937.38,2924.77,2956.49,3,0.3404,0.3369,0.4358,0.4893,0.5742,1464.2
"flat + heuristic","clusters64-l16",100000,128,"n=100000 queries=1000 dim=128 latent-dim=16 clusters=64 cluster-std=0.35 noise=0.02 seed=42","hnsw(m=16, efC=100, heuristic, mL=0.000, ef=384)",16,100,384,13.99,19.20,20.85,1000,10,0.99980,0.99980,2427.99,2329.63,2434.91,3,0.4118,0.4093,0.5205,0.5754,1.1903,1632.4
"flat + heuristic","clusters64-l16",100000,128,"n=100000 queries=1000 dim=128 latent-dim=16 clusters=64 cluster-std=0.35 noise=0.02 seed=42","hnsw(m=16, efC=100, heuristic, mL=0.000, ef=512)",16,100,512,13.99,19.20,20.85,1000,10,0.99980,0.99980,2074.11,2059.87,2120.78,3,0.4821,0.4761,0.6078,0.7037,1.0882,1737.4
"flat + heuristic","clusters64-l16",100000,128,"n=100000 queries=1000 dim=128 latent-dim=16 clusters=64 cluster-std=0.35 noise=0.02 seed=42","hnsw(m=16, efC=100, heuristic, mL=0.000, ef=768)",16,100,768,13.99,19.20,20.85,1000,10,0.99980,0.99980,1783.89,1780.11,1785.45,3,0.5605,0.5608,0.6785,0.7675,0.8783,1860.3
"flat + heuristic","clusters64-l16",100000,128,"n=100000 queries=1000 dim=128 latent-dim=16 clusters=64 cluster-std=0.35 noise=0.02 seed=42","hnsw(m=16, efC=100, heuristic, mL=0.000, ef=1024)",16,100,1024,13.99,19.20,20.85,1000,10,0.99980,0.99980,1536.09,1517.22,1540.45,3,0.6510,0.6508,0.7832,0.8915,1.0672,1941.1
